{
    "dashboard":"dashboard",
    "users":"users",
    "payments":"payments",
    "services":"services",
    "ads":"ads",
    "paramètres":"paramètres",
    "system":"système",
    "main":"menu",
    "search":"search",
    "users":"users",
    "see all":"voir tout",
    "total revenue":"revenu total",
    "last months revenue":"revenus des derniers mois",
    "latest transactions":"",
    "user id":"",
    "completed":"",
    "title":"",
    "username":"",
    "name":"",
    "user":"",
    "address":"",
    "id":"",
    "user information":"",
    "status":"",
    "user info":"",
    "all users":"",
    "activated users":"",
    "banned users":"",
    "subscribed users":"",
    "profile":"",
    "logout":"",
    "password":"",
    "arabic":"",
    "french":"",
    "english":""
}