{
    "dashboard":"dashboard",
    "users":"users",
    "payments":"payments",
    "services":"services",
    "ads":"publications",
    "paramètres":"paramètres",
    "system":"système",
    "main":"menu",
    "search":"rechercher",
    "users":"utilisateurs",
    "see all":"voir tout",
    "total revenue":"revenu total",
    "last months revenue":"revenus des derniers mois",
    "latest transactions":"dernières transactions",
    "user id":"identifiant",
    "completed":"complété",
    "title":"titre",
    "username":"nom d'utilisateur",
    "name":"nom",
    "user":"utilisateur",
    "address":"adresse",
    "id":"l'identifiant",
    "user information":"informations de l'utilisateur",
    "status":"status",
    "user info":"informations de l'utilisateur",
    "all users":"tous les utilisateurs",
    "activated users":"utilisateurs activés",
    "banned users":"utilisateurs bannis",
    "subscribed users":"subscribed users",
    "profile":"profile",
    "logout":"déconnecter",
    "password":"mot de passe",
    "arabic":"arabe",
    "french":"français",
    "english":"anglais",
    "enter your name":"saisir votre nom",
    "enter your phone":"saisir votre numéro",
    "phone":"numéro de téléphone",
    "enter your email":"saisir votre e-mail",
    "email": "e-mail",
    "save changes":"sauvgarder !",
    "separ":"",
    "welcome":"bienvenue",
    "admin login":"admininstateur login",
    "username": "nom d'utilisateur",
    "enter your username" : "saisir votre nom d'utilisateur",
    "enter your password":"saisir vor mot de passe"
}